xxxxxxxxxxxxxx,xxxxxxxxx,xxxxxxxxx
xxxxxxxxxxxxxx,xxxxxxxxx,xxxxxxxxx
xxxxxxxxxxxxxx,xxxxxxxxx,xxxxxxxxx
xxxxxxxxxxxxxx,xxxxxxxxx,xxxxxxxxx
xxxxxxxxxxxxxx,xxxxxxxxx,xxxxxxxxx
xxxxxxxxxxxxxx,xxxxxxxxx,xxxxxxxxx
xxxxxxxxxxxxxx,xxxxxxxxx,xxxxxxxxx
xxxxxxxxxxxxxx,xxxxxxxxx,xxxxxxxxx
xxxxxxxxxxxxxx,xxxxxxxxx,xxxxxxxxx
xxxxxxxxxxxxxx,xxxxxxxxx,xxxxxxxxx
xxxxxxxxxxxxxx,xxxxxxxxx,xxxxxxxxx
xxxxxxxxxxxxxx,xxxxxxxxx,xxxxxxxxx
xxxxxxxxxxxxxx,xxxxxxxxx,xxxxxxxxx
xxxxxxxxxxxxxx,xxxxxxxxx,xxxxxxxxx
xxxxxxxxxxxxxx,xxxxxxxxx,xxxxxxxxx
xxxxxxxxxxxxxx,xxxxxxxxx,xxxxxxxxx